payment_id,order_id,amount,method,status,reference,created_at
1,1,1132.19,WALLET,FAILED,PAY20260402-JISC6Q,2024-02-11 21:59:18
2,2,1307.6,COD,SUCCESS,PAY20260402-EGU2S7,2023-03-13 05:17:07
3,3,1526.44,CARD,SUCCESS,PAY20260402-CZ1HC2,2022-10-25 17:43:20
4,4,872.16,COD,SUCCESS,PAY20260402-YZ8LR8,2024-04-11 01:47:53
5,5,580.38,WALLET,SUCCESS,PAY20260402-X1H0JI,2023-08-05 05:35:21
6,6,1150.23,CARD,PENDING,PAY20260402-8ND59Q,2023-11-14 22:14:39
7,7,1374.31,CARD,PENDING,PAY20260402-7411II,2025-06-12 00:55:38
8,8,1627.31,UPI,SUCCESS,PAY20260402-QBW27D,2022-04-18 00:01:46
9,9,1727.24,WALLET,SUCCESS,PAY20260402-POSBAF,2023-11-30 09:39:56
10,10,1060.2,WALLET,SUCCESS,PAY20260402-QDYDBF,2024-03-21 15:12:16
11,11,406.47,WALLET,SUCCESS,PAY20260402-IJSQUD,2024-01-07 17:10:25
12,12,2095.33,WALLET,SUCCESS,PAY20260402-8OKLMX,2023-04-26 00:24:15
13,13,1578.04,CARD,SUCCESS,PAY20260402-NC4R32,2023-10-10 01:19:00
14,14,1493.46,COD,SUCCESS,PAY20260402-Q8ENO6,2025-05-29 23:33:22
15,15,1055.42,CARD,SUCCESS,PAY20260402-946NN0,2024-04-26 12:24:59
16,16,607.46,COD,SUCCESS,PAY20260402-P7NHCC,2025-03-14 04:05:55
17,17,1697.35,WALLET,SUCCESS,PAY20260402-23FXSA,2022-11-27 23:33:23
18,18,832.99,CARD,SUCCESS,PAY20260402-G4VASL,2024-07-07 11:49:23
19,19,1734.61,UPI,SUCCESS,PAY20260402-339EOS,2024-04-02 21:21:45
20,20,747.82,COD,SUCCESS,PAY20260402-JL537X,2024-02-08 13:50:15
21,21,259.71,UPI,SUCCESS,PAY20260402-9FZX9X,2023-02-27 01:04:19
22,22,1240.93,WALLET,SUCCESS,PAY20260402-KBRUVZ,2024-12-13 06:29:00
23,23,1103.44,UPI,FAILED,PAY20260402-LBEMTD,2024-05-07 00:04:04
24,24,465.2,WALLET,SUCCESS,PAY20260402-4XB2GJ,2022-01-10 09:19:00
25,25,1817.14,COD,SUCCESS,PAY20260402-9K9SC1,2023-11-03 18:40:41
26,26,894.42,UPI,SUCCESS,PAY20260402-2EKMDW,2023-10-16 00:38:53
27,27,1163.78,CARD,SUCCESS,PAY20260402-YEW0S1,2023-09-13 06:44:53
28,28,1265.4,WALLET,SUCCESS,PAY20260402-EX79BR,2023-11-18 10:44:16
29,29,1764.62,WALLET,SUCCESS,PAY20260402-CNMTP1,2025-08-01 12:43:29
30,30,992.51,COD,SUCCESS,PAY20260402-7NLH17,2022-10-04 07:41:03
31,31,957.54,CARD,SUCCESS,PAY20260402-JXBN37,2022-11-03 17:12:47
32,32,744.77,WALLET,PENDING,PAY20260402-PNSSUO,2024-09-15 05:26:55
33,33,815.24,CARD,SUCCESS,PAY20260402-6SRW5L,2023-05-10 03:46:14
34,34,643.96,WALLET,SUCCESS,PAY20260402-TNUODK,2022-03-22 00:53:34
35,35,376.8,CARD,SUCCESS,PAY20260402-6H70Q3,2025-01-15 02:55:42
36,36,958.47,WALLET,PENDING,PAY20260402-YS1OEE,2024-12-26 09:59:50
37,37,1444.53,CARD,SUCCESS,PAY20260402-EXEIHW,2023-02-16 19:31:08
38,38,1729.31,WALLET,PENDING,PAY20260402-E4T106,2024-07-03 06:26:46
39,39,2002.37,CARD,SUCCESS,PAY20260402-T315M6,2024-12-16 23:15:35
40,40,1589.84,COD,SUCCESS,PAY20260402-T9QV65,2025-01-27 21:03:14
41,41,1905.63,CARD,SUCCESS,PAY20260402-WQW15O,2022-07-28 02:46:38
42,42,1813.39,UPI,SUCCESS,PAY20260402-M6ADXF,2024-05-21 18:29:43
43,43,351.18,CARD,SUCCESS,PAY20260402-WD1O3M,2022-03-06 00:46:00
44,44,1025.79,WALLET,SUCCESS,PAY20260402-NXOYA9,2024-06-21 12:20:50
45,45,200.97,CARD,SUCCESS,PAY20260402-ZBFZVW,2024-05-02 19:23:09
46,46,1468.42,COD,SUCCESS,PAY20260402-DZDN9M,2025-02-24 20:19:15
47,47,580.38,WALLET,PENDING,PAY20260402-RRH0X7,2022-12-20 04:44:00
48,48,1915.84,UPI,SUCCESS,PAY20260402-M2C96O,2023-06-10 03:28:25
49,49,467.94,WALLET,PENDING,PAY20260402-R27090,2024-08-27 21:45:37
50,50,1376.93,COD,PENDING,PAY20260402-TC536D,2024-06-10 04:45:52
51,51,489.35,COD,FAILED,PAY20260402-B020EB,2024-12-12 10:22:58
52,52,1006.62,WALLET,FAILED,PAY20260402-L7XQGN,2023-09-04 12:37:32
53,53,339.47,CARD,SUCCESS,PAY20260402-GAPEH8,2024-05-15 00:28:35
54,54,744.12,COD,PENDING,PAY20260402-AD2BXW,2025-02-20 08:23:11
55,55,1015.97,COD,SUCCESS,PAY20260402-IJB7T3,2024-08-14 09:52:19
56,56,610.52,COD,SUCCESS,PAY20260402-0NL5UH,2022-10-17 14:45:42
57,57,745.42,CARD,SUCCESS,PAY20260402-0ZQZSZ,2022-10-24 18:35:01
58,58,201.77,UPI,SUCCESS,PAY20260402-H4JLE3,2022-11-20 00:32:40
59,59,1399.94,WALLET,SUCCESS,PAY20260402-0VDYZV,2024-03-28 12:52:14
60,60,1241.6,COD,SUCCESS,PAY20260402-NP0D5R,2025-05-23 20:48:27
61,61,1264.66,COD,SUCCESS,PAY20260402-6CKSO3,2022-09-26 23:05:41
62,62,850.73,WALLET,PENDING,PAY20260402-D02RFV,2024-01-17 00:19:45
63,63,2317.9,UPI,SUCCESS,PAY20260402-WO808T,2022-07-15 19:30:51
64,64,657.76,UPI,SUCCESS,PAY20260402-J36YVU,2024-07-30 18:00:24
65,65,446.63,CARD,SUCCESS,PAY20260402-NLJQU9,2025-03-27 09:52:10
66,66,2185.11,COD,SUCCESS,PAY20260402-CIFH63,2024-12-02 17:03:36
67,67,1445.39,COD,FAILED,PAY20260402-K4VMV2,2024-10-16 10:03:31
68,68,718.66,CARD,SUCCESS,PAY20260402-B6GKI1,2024-12-26 21:27:09
69,69,1430.99,CARD,SUCCESS,PAY20260402-K6BRD5,2023-03-12 12:41:31
70,70,794.07,COD,SUCCESS,PAY20260402-MPTBOO,2022-12-05 20:55:59
71,71,1598.31,CARD,PENDING,PAY20260402-BILZ4O,2024-04-11 05:24:48
72,72,853.39,UPI,SUCCESS,PAY20260402-DCLI1K,2024-06-02 02:24:28
73,73,808.27,WALLET,SUCCESS,PAY20260402-6I7C8T,2022-02-08 11:40:37
74,74,227.09,COD,SUCCESS,PAY20260402-Z69X2O,2023-05-23 15:59:20
75,75,1971.7,WALLET,FAILED,PAY20260402-LIMNMU,2022-02-23 06:28:59
76,76,500.77,UPI,SUCCESS,PAY20260402-3CMEN5,2025-07-23 01:54:36
77,77,811.66,WALLET,SUCCESS,PAY20260402-K8QTEQ,2025-03-20 18:45:19
78,78,653.78,COD,SUCCESS,PAY20260402-LBV4P5,2023-07-03 01:20:38
79,79,348.26,WALLET,SUCCESS,PAY20260402-ERV2W3,2022-12-27 00:18:36
80,80,850.92,CARD,PENDING,PAY20260402-LVLW5G,2024-04-30 10:42:24
81,81,283.88,COD,FAILED,PAY20260402-RME3KC,2022-11-02 17:26:06
82,82,741.79,UPI,SUCCESS,PAY20260402-WXJS3D,2022-02-14 09:37:19
83,83,1076.93,WALLET,SUCCESS,PAY20260402-C4HMZC,2024-11-10 13:52:19
84,84,1360.39,CARD,SUCCESS,PAY20260402-L60FE4,2022-08-24 21:12:00
85,85,296.38,UPI,SUCCESS,PAY20260402-U9DARO,2024-11-16 21:41:11
86,86,1547.02,WALLET,SUCCESS,PAY20260402-CX6U0X,2023-01-17 21:39:43
87,87,1175.82,WALLET,SUCCESS,PAY20260402-WZO2F9,2022-11-21 22:47:39
88,88,1303.98,WALLET,SUCCESS,PAY20260402-0APBN6,2025-08-01 20:40:56
89,89,863.23,CARD,SUCCESS,PAY20260402-KCMMLN,2023-11-16 20:54:43
90,90,1408.35,UPI,SUCCESS,PAY20260402-1OA5AF,2024-09-15 15:04:51
91,91,1513.07,UPI,SUCCESS,PAY20260402-01587M,2024-06-16 17:19:05
92,92,1285.6,COD,FAILED,PAY20260402-GGAK7H,2023-07-01 05:27:30
93,93,1526.46,UPI,SUCCESS,PAY20260402-16399J,2022-11-19 06:37:28
94,94,482.91,WALLET,SUCCESS,PAY20260402-LJH9C7,2023-06-22 02:52:12
95,95,623.34,UPI,SUCCESS,PAY20260402-WF73EB,2025-02-02 02:54:20
96,96,202.76,COD,SUCCESS,PAY20260402-G8N3WL,2022-05-14 20:43:06
97,97,655.27,CARD,SUCCESS,PAY20260402-KRUZV2,2025-01-01 21:33:21
98,98,1618.31,UPI,FAILED,PAY20260402-I5BK2M,2023-04-28 13:59:18
99,99,587.17,UPI,SUCCESS,PAY20260402-3CMSVQ,2025-05-14 11:49:45
100,100,1473.65,UPI,SUCCESS,PAY20260402-LAYDA1,2023-03-03 13:31:21
101,101,1495.81,UPI,SUCCESS,PAY20260402-45VLJC,2024-02-16 03:19:44
102,102,1106.41,WALLET,SUCCESS,PAY20260402-SB9W23,2023-05-05 21:29:26
103,103,827.97,CARD,FAILED,PAY20260402-ENZWCP,2024-10-20 10:00:55
104,104,2166.59,UPI,PENDING,PAY20260402-SG3DT3,2022-12-29 08:39:29
105,105,173.66,WALLET,SUCCESS,PAY20260402-FCEH7Q,2023-08-11 06:44:14
106,106,727.48,CARD,SUCCESS,PAY20260402-EUA6TY,2023-01-26 04:37:09
107,107,317.16,COD,SUCCESS,PAY20260402-4SJ98E,2024-09-12 00:12:10
108,108,667.54,UPI,SUCCESS,PAY20260402-1BKTCT,2025-06-01 02:29:23
109,109,745.42,UPI,SUCCESS,PAY20260402-HV6MRG,2022-08-28 20:31:24
110,110,1979.3,COD,PENDING,PAY20260402-BU2L0Z,2024-10-01 16:30:16
111,111,589.29,CARD,PENDING,PAY20260402-EQ712U,2022-10-18 05:53:04
112,112,1714.55,CARD,SUCCESS,PAY20260402-QL45PB,2022-06-01 23:41:19
113,113,219.99,WALLET,PENDING,PAY20260402-ZHV35L,2024-10-30 20:27:29
114,114,602.94,UPI,SUCCESS,PAY20260402-IOBWBF,2023-08-02 16:41:49
115,115,243.75,WALLET,SUCCESS,PAY20260402-QOACOV,2024-01-24 09:30:14
116,116,1236.23,COD,FAILED,PAY20260402-AROW7E,2023-04-26 16:43:20
117,117,1502.27,CARD,FAILED,PAY20260402-PJEIJ2,2022-01-08 06:08:43
118,118,1004.03,WALLET,PENDING,PAY20260402-GUORFA,2023-09-19 07:49:32
119,119,1826.03,WALLET,SUCCESS,PAY20260402-BFSS9U,2024-09-29 02:57:08
120,120,1359.19,WALLET,SUCCESS,PAY20260402-RCZ1C0,2025-04-15 03:50:45
121,121,660.58,WALLET,SUCCESS,PAY20260402-O5VVXU,2023-06-01 01:08:26
122,122,227.1,CARD,PENDING,PAY20260402-KRX7BI,2024-02-25 15:28:09
123,123,338.23,COD,PENDING,PAY20260402-PPQKUS,2024-03-08 17:06:19
124,124,589.04,UPI,SUCCESS,PAY20260402-AYMT12,2023-07-29 10:13:46
125,125,1623.4,CARD,SUCCESS,PAY20260402-I6QB71,2022-09-26 23:54:47
126,126,2056.56,WALLET,FAILED,PAY20260402-FF2P70,2024-08-27 21:17:33
127,127,499.71,UPI,SUCCESS,PAY20260402-5FXKPR,2024-09-14 14:52:25
128,128,396.52,CARD,SUCCESS,PAY20260402-E659OV,2023-01-19 15:28:13
129,129,1089.57,CARD,SUCCESS,PAY20260402-PBDT6F,2023-02-11 05:12:19
130,130,994.75,COD,SUCCESS,PAY20260402-8UP7KD,2024-07-20 13:21:06
131,131,2238.85,COD,SUCCESS,PAY20260402-QVE6H2,2022-11-22 14:34:56
132,132,1215.59,COD,PENDING,PAY20260402-VK28BV,2023-10-24 19:45:45
133,133,716.48,UPI,SUCCESS,PAY20260402-K6YY2U,2023-08-20 16:10:03
134,134,1031.87,CARD,FAILED,PAY20260402-VBENCS,2024-03-06 07:37:39
135,135,1305.79,WALLET,FAILED,PAY20260402-NMZWYA,2022-12-24 13:50:30
136,136,1014.96,WALLET,PENDING,PAY20260402-RJQSJ7,2022-03-09 05:14:07
137,137,1150.33,CARD,SUCCESS,PAY20260402-H4SUMO,2024-02-08 18:01:32
138,138,1605.38,COD,PENDING,PAY20260402-ETGPTF,2023-09-07 19:19:58
139,139,1230.33,COD,SUCCESS,PAY20260402-VW44C1,2024-06-18 03:53:24
140,140,1019.17,CARD,SUCCESS,PAY20260402-1SOZL3,2023-06-23 17:04:45
141,141,1636.22,UPI,SUCCESS,PAY20260402-UL1F8P,2024-07-14 11:41:40
142,142,1284.66,WALLET,SUCCESS,PAY20260402-PS8II1,2022-12-23 01:13:55
143,143,449.17,CARD,SUCCESS,PAY20260402-SGCCU8,2025-07-11 21:48:15
144,144,566.45,WALLET,SUCCESS,PAY20260402-4B9XVR,2025-04-28 22:18:14
145,145,777.24,UPI,SUCCESS,PAY20260402-W3Y9LE,2022-08-09 03:28:10
146,146,264.83,CARD,SUCCESS,PAY20260402-OI884U,2023-03-22 12:25:07
147,147,1753.26,WALLET,SUCCESS,PAY20260402-5HWZ3T,2022-11-06 20:46:27
148,148,2140.66,UPI,SUCCESS,PAY20260402-SYPLVN,2024-08-03 16:39:41
149,149,1638.31,COD,SUCCESS,PAY20260402-HQR9G4,2025-04-09 01:23:54
150,150,639.06,CARD,SUCCESS,PAY20260402-S6U26T,2022-03-06 23:37:29
151,151,449.17,UPI,PENDING,PAY20260402-ZTGQBX,2024-06-22 14:56:27
152,152,778.29,UPI,FAILED,PAY20260402-8N03WY,2022-03-03 17:34:06
153,153,1175.49,WALLET,SUCCESS,PAY20260402-HPH603,2025-05-30 11:20:36
154,154,1319.05,CARD,PENDING,PAY20260402-QEA4PH,2022-07-25 23:46:42
155,155,1103.13,CARD,PENDING,PAY20260402-WEH2QH,2023-11-18 19:43:50
156,156,1847.94,UPI,SUCCESS,PAY20260402-XD0DNK,2024-08-04 22:04:01
157,157,181.62,CARD,SUCCESS,PAY20260402-54IGXH,2022-04-24 20:06:42
158,158,1585.38,COD,PENDING,PAY20260402-6YNG2I,2022-06-17 00:49:03
159,159,990.57,WALLET,SUCCESS,PAY20260402-SCWFPC,2022-10-05 11:08:29
160,160,642.07,COD,SUCCESS,PAY20260402-4ND3I2,2023-06-11 02:53:41
161,161,1127.42,COD,SUCCESS,PAY20260402-JJYR69,2024-10-18 23:44:02
162,162,1069.17,CARD,FAILED,PAY20260402-7EG6AA,2024-01-27 04:22:16
163,163,678.59,COD,PENDING,PAY20260402-WDA2DB,2025-07-21 08:21:08
164,164,1210.33,CARD,FAILED,PAY20260402-VESMFY,2025-04-04 01:42:38
165,165,1349.83,COD,SUCCESS,PAY20260402-6AVTAS,2023-03-25 05:01:01
166,166,649.09,WALLET,FAILED,PAY20260402-HMT322,2024-10-26 11:32:14
167,167,1501.45,COD,SUCCESS,PAY20260402-KYE1G5,2024-07-19 12:02:04
168,168,1399.21,CARD,FAILED,PAY20260402-TUBRL7,2023-03-23 18:47:21
169,169,1219.39,COD,SUCCESS,PAY20260402-I2L7S0,2025-07-25 12:21:44
170,170,1732.51,CARD,SUCCESS,PAY20260402-28EC76,2024-12-14 06:20:56
171,171,591.28,CARD,SUCCESS,PAY20260402-GITBEJ,2025-06-10 20:08:55
172,172,496.46,UPI,SUCCESS,PAY20260402-B7SCD3,2023-10-13 09:32:41
173,173,1177.57,CARD,SUCCESS,PAY20260402-2516TE,2022-10-20 02:12:53
174,174,1937.39,CARD,SUCCESS,PAY20260402-3Z851M,2023-10-11 00:59:37
175,175,1112.93,CARD,SUCCESS,PAY20260402-HYKOGU,2024-07-02 13:44:43
176,176,1041.07,UPI,SUCCESS,PAY20260402-4AOO51,2023-04-01 02:23:14
177,177,1567.58,COD,SUCCESS,PAY20260402-05IND1,2023-11-18 12:00:00
178,178,622.54,COD,SUCCESS,PAY20260402-RHUJBJ,2023-02-19 19:38:43
179,179,1758.3,WALLET,FAILED,PAY20260402-4O7C6K,2024-11-17 23:04:40
180,180,1974.25,UPI,SUCCESS,PAY20260402-789E4Y,2023-07-11 18:14:40
181,181,1839.05,COD,SUCCESS,PAY20260402-S3SOTK,2024-07-15 10:41:50
182,182,285.81,WALLET,SUCCESS,PAY20260402-I2VLT8,2023-09-21 16:16:12
183,183,1306.55,WALLET,PENDING,PAY20260402-SKY46G,2022-04-18 07:44:25
184,184,715.64,COD,SUCCESS,PAY20260402-KLZWCJ,2022-10-15 18:04:54
185,185,563.69,UPI,FAILED,PAY20260402-RQ9ZQT,2023-12-10 20:35:55
186,186,1900.74,UPI,PENDING,PAY20260402-FLEXUS,2024-09-15 17:43:46
187,187,1809.87,COD,SUCCESS,PAY20260402-DGKD0E,2023-07-26 13:01:00
188,188,2068.06,UPI,SUCCESS,PAY20260402-YCVYCR,2024-10-10 16:53:07
189,189,2023.31,COD,PENDING,PAY20260402-WZ4UC0,2023-11-24 10:41:06
190,190,460.6,UPI,SUCCESS,PAY20260402-RVO4FI,2022-03-24 13:16:46
191,191,415.62,WALLET,FAILED,PAY20260402-OKXKWG,2022-05-17 09:17:46
192,192,832.93,WALLET,SUCCESS,PAY20260402-VAG9Q1,2023-04-09 20:10:24
193,193,813.27,WALLET,SUCCESS,PAY20260402-XOJ5JP,2023-02-15 12:16:53
194,194,897.09,COD,SUCCESS,PAY20260402-YHGO0M,2024-02-22 03:09:16
195,195,455.81,COD,SUCCESS,PAY20260402-5STVVQ,2022-04-28 22:44:25
196,196,832.59,UPI,SUCCESS,PAY20260402-Y2H0KP,2023-01-11 19:20:50
197,197,1311.25,UPI,SUCCESS,PAY20260402-WDQW6P,2024-09-19 12:15:08
198,198,1421.25,UPI,PENDING,PAY20260402-X0OZ7X,2024-08-03 07:25:47
199,199,1684.38,CARD,SUCCESS,PAY20260402-W00O80,2022-08-30 07:50:49
200,200,1648.31,WALLET,FAILED,PAY20260402-TLYH4M,2024-12-24 14:30:19
201,201,780.78,CARD,SUCCESS,PAY20260402-FAR5SS,2023-06-19 02:18:37
202,202,1053.69,CARD,SUCCESS,PAY20260402-LUBU4O,2025-02-22 11:33:26
203,203,1274.14,CARD,FAILED,PAY20260402-5ZSK13,2024-07-25 08:12:03
204,204,1559.11,CARD,SUCCESS,PAY20260402-F4K8GW,2025-02-27 02:07:12
205,205,1853.2,WALLET,SUCCESS,PAY20260402-1Z7M2D,2023-11-19 12:45:49
206,206,1855.88,CARD,SUCCESS,PAY20260402-TEYTIY,2024-05-21 18:18:25
207,207,1500.84,CARD,SUCCESS,PAY20260402-9VRVIG,2022-11-14 01:54:48
208,208,1446.82,COD,FAILED,PAY20260402-GE6XKD,2024-08-13 20:08:47
209,209,951.58,UPI,SUCCESS,PAY20260402-EFDG1B,2025-07-22 14:11:11
210,210,2131.85,UPI,SUCCESS,PAY20260402-VPQY82,2023-02-12 17:47:35
211,211,845.42,CARD,PENDING,PAY20260402-A12UGH,2023-08-02 03:15:39
212,212,1169.6,UPI,SUCCESS,PAY20260402-KLKQ3E,2022-08-11 04:15:11
213,213,1166.83,UPI,SUCCESS,PAY20260402-2CG2IY,2024-05-30 01:52:12
214,214,848.24,COD,SUCCESS,PAY20260402-7G3TO1,2025-02-21 05:34:43
215,215,971.7,UPI,PENDING,PAY20260402-B22ESD,2022-09-28 21:46:13
216,216,1453.51,UPI,SUCCESS,PAY20260402-M7G4X7,2024-04-24 08:43:23
217,217,1156.1,COD,FAILED,PAY20260402-PHK531,2024-04-18 17:50:52
218,218,561.88,UPI,FAILED,PAY20260402-T02R91,2023-11-17 21:16:43
219,219,873.73,CARD,SUCCESS,PAY20260402-JI9LG7,2023-05-13 14:48:42
220,220,529.92,UPI,PENDING,PAY20260402-9KADP7,2024-09-28 02:26:04
221,221,1289.74,WALLET,SUCCESS,PAY20260402-Y2KQLM,2023-09-17 05:31:49
222,222,785.49,COD,SUCCESS,PAY20260402-TAILG8,2024-08-30 11:48:26
223,223,1615.78,UPI,SUCCESS,PAY20260402-8TLTIX,2023-10-06 15:51:47
224,224,1900.75,UPI,SUCCESS,PAY20260402-BEVTA2,2023-07-18 00:31:27
225,225,2217.51,UPI,PENDING,PAY20260402-25RA1O,2023-12-21 15:50:24
226,226,784.8,CARD,SUCCESS,PAY20260402-UO2KDK,2025-02-09 05:24:20
227,227,1388.38,CARD,SUCCESS,PAY20260402-X1EKEM,2023-08-18 18:45:44
228,228,607.46,CARD,PENDING,PAY20260402-GC65GL,2022-06-24 15:00:13
229,229,399.73,UPI,SUCCESS,PAY20260402-PSW3CH,2024-10-06 13:42:44
230,230,745.33,UPI,SUCCESS,PAY20260402-G01FCZ,2023-03-27 08:53:41
231,231,1133.74,CARD,SUCCESS,PAY20260402-TDNH1T,2024-09-29 05:50:20
232,232,1128.64,CARD,SUCCESS,PAY20260402-A85XLI,2025-07-04 23:19:48
233,233,1701.57,UPI,SUCCESS,PAY20260402-7CCT8C,2023-08-22 08:29:37
234,234,1108.76,UPI,SUCCESS,PAY20260402-48SSV5,2024-03-05 14:36:45
235,235,605.82,COD,SUCCESS,PAY20260402-TXH0T1,2024-10-14 06:40:11
236,236,706.82,WALLET,SUCCESS,PAY20260402-3XJHAV,2023-07-27 17:55:31
237,237,958.17,UPI,PENDING,PAY20260402-VEPZOM,2023-08-24 11:21:34
238,238,784.04,COD,SUCCESS,PAY20260402-UXNAI6,2023-10-22 17:04:18
239,239,1122.49,CARD,SUCCESS,PAY20260402-IC3IHB,2025-06-14 19:31:44
240,240,2596.02,UPI,PENDING,PAY20260402-O8OGB4,2025-07-07 21:27:40
241,241,440.97,COD,SUCCESS,PAY20260402-DM9V2Z,2024-02-15 09:41:56
242,242,1023.33,WALLET,SUCCESS,PAY20260402-2M7XQ4,2022-06-13 12:49:21
243,243,1462.16,CARD,FAILED,PAY20260402-39ITXB,2024-07-06 08:01:39
244,244,705.36,UPI,SUCCESS,PAY20260402-Y8NC48,2024-12-31 00:13:49
245,245,740.72,CARD,SUCCESS,PAY20260402-9XDP2L,2023-06-26 09:06:26
246,246,1537.23,CARD,FAILED,PAY20260402-SV4UT0,2022-02-05 12:05:50
247,247,968.28,WALLET,SUCCESS,PAY20260402-P635S1,2022-02-04 11:14:54
248,248,1190.95,COD,SUCCESS,PAY20260402-VM02JI,2024-07-05 09:48:19
249,249,381.78,CARD,SUCCESS,PAY20260402-IFU03L,2023-11-01 07:39:03
250,250,731.41,CARD,SUCCESS,PAY20260402-WLW0CX,2023-11-18 07:09:36
251,251,1628.22,COD,SUCCESS,PAY20260402-DIHDA0,2023-01-21 00:41:35
252,252,2150.69,WALLET,SUCCESS,PAY20260402-ZC1C24,2024-01-19 19:50:08
253,253,1371.59,CARD,SUCCESS,PAY20260402-QA5IEQ,2023-01-18 07:32:57
254,254,502.91,COD,PENDING,PAY20260402-56E3XF,2023-08-01 01:14:01
255,255,785.25,COD,SUCCESS,PAY20260402-1ULKTE,2024-07-29 01:33:32
256,256,787.81,COD,SUCCESS,PAY20260402-IHN3K9,2023-12-17 17:29:22
257,257,1810.77,CARD,SUCCESS,PAY20260402-P0G06J,2022-12-10 02:37:11
258,258,1609.35,WALLET,PENDING,PAY20260402-IX98ES,2024-08-26 18:35:56
259,259,642.13,COD,SUCCESS,PAY20260402-NN106K,2025-04-17 18:44:15
260,260,795.36,WALLET,SUCCESS,PAY20260402-6J73DW,2024-01-15 00:08:30
261,261,1691.58,CARD,SUCCESS,PAY20260402-IQD7UO,2024-07-20 18:59:29
262,262,1727.2,UPI,SUCCESS,PAY20260402-1YPGRQ,2023-12-13 03:41:24
263,263,2020.07,UPI,SUCCESS,PAY20260402-T4UYK1,2023-06-08 01:07:30
264,264,525.71,UPI,SUCCESS,PAY20260402-LDNG5E,2023-01-06 13:35:55
265,265,1843.89,WALLET,PENDING,PAY20260402-MM7OGX,2024-07-07 23:38:43
266,266,1183.78,COD,SUCCESS,PAY20260402-U6REZ3,2023-06-19 09:24:27
267,267,770.26,COD,SUCCESS,PAY20260402-TB9OUQ,2022-06-24 10:54:09
268,268,1567.75,WALLET,SUCCESS,PAY20260402-7G4OH3,2022-02-09 10:19:46
269,269,2064.23,COD,SUCCESS,PAY20260402-JGG4L6,2023-06-10 16:31:24
270,270,1115.19,COD,SUCCESS,PAY20260402-DGIM9P,2023-04-06 08:10:54
271,271,1695.23,UPI,SUCCESS,PAY20260402-KGHII8,2025-04-23 20:43:28
272,272,1340.83,UPI,FAILED,PAY20260402-9GY29G,2022-03-11 04:46:03
273,273,221.39,WALLET,PENDING,PAY20260402-360G0Z,2025-01-20 06:58:38
274,274,987.75,CARD,SUCCESS,PAY20260402-IOVC8W,2024-12-13 03:10:26
275,275,553.7,CARD,SUCCESS,PAY20260402-MPJRE4,2022-12-30 00:51:12
276,276,1427.3,UPI,FAILED,PAY20260402-MSQRF3,2023-02-25 04:01:03
277,277,630.5,CARD,SUCCESS,PAY20260402-CDVV48,2022-08-19 14:57:01
278,278,1205.28,COD,FAILED,PAY20260402-TLVPT6,2022-02-12 06:19:19
279,279,644.91,CARD,SUCCESS,PAY20260402-9M6BI2,2025-04-17 07:30:22
280,280,153.66,UPI,SUCCESS,PAY20260402-MS68OH,2024-12-04 09:51:02
281,281,1787.55,WALLET,SUCCESS,PAY20260402-N4ELJI,2025-03-16 16:39:07
282,282,637.46,CARD,SUCCESS,PAY20260402-QP6MRJ,2024-10-07 08:06:01
283,283,782.85,UPI,SUCCESS,PAY20260402-LIP71A,2023-05-06 10:07:08
284,284,1859.03,UPI,SUCCESS,PAY20260402-92QO9R,2022-04-28 17:25:59
285,285,1308.01,COD,SUCCESS,PAY20260402-LPEYZV,2024-04-12 05:49:00
286,286,737.27,CARD,SUCCESS,PAY20260402-Y6SVQ0,2024-10-26 12:56:35
287,287,274.83,COD,SUCCESS,PAY20260402-RE9HNE,2023-03-01 20:28:50
288,288,484.54,UPI,FAILED,PAY20260402-C0W2QU,2023-01-27 07:05:54
289,289,305.06,COD,SUCCESS,PAY20260402-5QL5L9,2024-11-01 06:39:29
290,290,750.57,WALLET,SUCCESS,PAY20260402-71NN6G,2024-07-01 04:50:28
291,291,791.77,COD,SUCCESS,PAY20260402-ZQHHVZ,2024-04-27 08:00:58
292,292,477.59,UPI,SUCCESS,PAY20260402-0K1TKS,2024-03-21 04:45:12
293,293,1925.02,CARD,SUCCESS,PAY20260402-E4FHQW,2024-07-22 05:26:13
294,294,375.93,WALLET,PENDING,PAY20260402-8R7GJP,2023-05-28 22:19:26
295,295,1823.38,WALLET,SUCCESS,PAY20260402-SH26AO,2024-11-19 03:58:57
296,296,937.17,UPI,SUCCESS,PAY20260402-GO1M5W,2024-02-28 12:00:28
297,297,1662.26,WALLET,SUCCESS,PAY20260402-ZZP0Y8,2022-11-03 00:47:27
298,298,1741.53,UPI,PENDING,PAY20260402-H6S02S,2023-04-10 18:33:43
299,299,348.39,CARD,FAILED,PAY20260402-1GUVVN,2025-01-29 06:57:18
300,300,231.67,COD,SUCCESS,PAY20260402-VZXICS,2024-04-18 21:14:07
